station_id,distance_from_station,poi_name,category_names,address
af1d0f25cbc75377878349fde4d86133,31,Wilson Street Pantry,"('Café', 'Restaurant')",6 Wilson St
af1d0f25cbc75377878349fde4d86133,34,The Dhabba,"('Indian Restaurant',)",44 Candleriggs
af1d0f25cbc75377878349fde4d86133,43,Merchant Square,"('Bar', 'Restaurant')",71-73 Albion St
af1d0f25cbc75377878349fde4d86133,98,City Halls,"('Concert Hall', 'Theater')",
af1d0f25cbc75377878349fde4d86133,144,Spitfire Espresso,"('Coffee Shop', 'Restaurant')",127 Candleriggs
af1d0f25cbc75377878349fde4d86133,140,Britannia Panopticon Music Hall Trust,"('Charity',)",113-117 Trongate
af1d0f25cbc75377878349fde4d86133,150,iCafe,"('Internet Cafe',)",72 Ingram St
af1d0f25cbc75377878349fde4d86133,169,Italian Kitchen,"('Italian Restaurant',)",64 Ingram St
af1d0f25cbc75377878349fde4d86133,168,Tinderbox,"('Café', 'Coffee Shop', 'Restaurant')",118 Ingram St
af1d0f25cbc75377878349fde4d86133,199,DogHouse Merchant City,"('Arts and Entertainment', 'Beer Bar', 'BBQ Joint')",99 Hutcheson St
71b02b6f26f03e58c97dec1e1c9faa00,83,Glasgow Botanic Gardens,"('Park',)",730 Great Western Rd
71b02b6f26f03e58c97dec1e1c9faa00,78,Cail Bruich,"('Greek Restaurant', 'Scottish Restaurant')",725 Great Western Rd
71b02b6f26f03e58c97dec1e1c9faa00,174,Loop & Scoop,"('Ice Cream Parlor', 'Restaurant')",665 Great Western Rd
71b02b6f26f03e58c97dec1e1c9faa00,181,Ka Pao,"('Asian Restaurant',)",Botanic Gardens Garage
71b02b6f26f03e58c97dec1e1c9faa00,186,Hillhead Bookclub,"('Cocktail Bar', 'Wine Bar', 'Restaurant')",17 Vinicombe St
71b02b6f26f03e58c97dec1e1c9faa00,251,The Belle,"('Bar',)",617 Great Western Rd
71b02b6f26f03e58c97dec1e1c9faa00,291,Papercup Coffee Company,"('Coffee Shop',)",603 Great Western Rd
540d5877eb2aa25add536be07be49962,157,Black Pine Coffee Co,"('Coffee Shop', 'Restaurant')",518 Great Western Rd
c04c3fc64f0ba6c420bd3184f474bfc9,309,The Hanoi Bike Shop,"('Vietnamese Restaurant',)",8 Ruthven Lane
c04c3fc64f0ba6c420bd3184f474bfc9,232,Ubiquitous Chip,"('Bar', 'Scottish Restaurant')",12 Ashton Lane
f93ab2c803d81c14f7e2f1765911de04,79,Bon Accord,"('Whisky Bar', 'Restaurant')",153 North St
fa6bc682e8627d66891c2b6250c81b1e,115,Chinaskis,"('Beer Garden', 'Restaurant')",239 North St
fa6bc682e8627d66891c2b6250c81b1e,145,Shenaz,"('Indian Restaurant',)",17 Granville St
f93ab2c803d81c14f7e2f1765911de04,122,King's Theatre,"('Concert Hall', 'Music Venue', 'Theater')",297 Bath St
f93ab2c803d81c14f7e2f1765911de04,178,Nice N Sleazy,"('Night Club', 'Bar', 'Restaurant')",421 Sauchiehall St
f93ab2c803d81c14f7e2f1765911de04,263,The State Bar,"('Bar',)",148-148A Holland St
57d53cfefc9f5e8871e9758b1f6128f8,158,Five March,"('Mediterranean Restaurant',)",138 Elderslie St
b98603df18dece74e168037c3fe67a2c,179,Tiki Bar & Kitsch Inn,"('Cocktail Bar', 'Thai Restaurant')",214 Bath St
c8234c56f76f3f84d81c54ceedbdab54,152,Two Fat Ladies,"('Restaurant',)",652-654 Argyle St
b60e67062c32d2147f8892de3a446610,160,The Shandon Belles,"('Restaurant',)",652 Argyle St
d1cfef68e6b380467d3f8927379319b3,147,The Howgait,"('Arts and Entertainment', 'Bar', 'Gastropub')",100 St James’ Rd
28ae77e57c39887ceab9e2b2eb3a0e3a,211,Oaka Supercity,"('Grocery Store',)",130 George St
28ae77e57c39887ceab9e2b2eb3a0e3a,182,Merchant Chippie,"('Fish and Chips Shop', 'Seafood Restaurant')",155 High St
d1cfef68e6b380467d3f8927379319b3,103,Cathedral Square,"('Park',)",Cathedral Precinct
a087989280fd941fd9c41c3e787940ae,207,Saturday School,"('Education',)",Cathedral St
a087989280fd941fd9c41c3e787940ae,347,YO! Sushi,"('Sushi Restaurant',)",
eb47a36e3d5fe5bc456397413bd2aa75,212,O2 Academy Glasgow,"('Concert Hall', 'Music Venue', 'Theater')",121 Eglinton St
a8db8c24388d5d0ce7143678dfa0e676,295,Citizens Theatre,"('Music Venue', 'Theater')",119 Gorbals St
85c3b5be1873561dc445f46324d143b7,116,MacSorleys,"('Pub', 'Restaurant')",42 Jamaica St
c7102adc0e91f9d347ac0e230471e8bc,103,The Clutha Bar,"('Beer Bar', 'Pub', 'Restaurant')",167-169 Stockwell St
85c3b5be1873561dc445f46324d143b7,134,Sub Club,"('Night Club', 'Bar')",22 Jamaica St
f5ac5a0223f0c88e225aa7c4d63d55f5,421,House of Sher,"('Warehouse or Wholesale Store',)",201-211 Wallace St
85c3b5be1873561dc445f46324d143b7,174,Waterstone's,"('Bookstore',)",174-176 Argyle St
c7102adc0e91f9d347ac0e230471e8bc,121,Scotia Bar,"('Bar', 'Restaurant')",112 Stockwell St
6c5f3eaafa4323831910bb404125cef9,173,Fopp,"('Retail',)",19 Union St
6c5f3eaafa4323831910bb404125cef9,46,"The Atrium, Radisson Blu","('Hotel Bar',)",
5aef9920fd2384a972eafa84aa577439,77,TK Maxx,"('Department Store',)",36-48 Argyle St
e828a82c55b279cd1e7f5f9997d86d4b,74,Paesano Pizza,"('Pizzeria', 'Italian Restaurant')",94 Miller St
e828a82c55b279cd1e7f5f9997d86d4b,26,Max's Bar and Grill,"('Cocktail Bar', 'Wine Bar', 'Fast Food Restaurant')",73 Queen St
e828a82c55b279cd1e7f5f9997d86d4b,11,Tempo Tea Bar,"('Tea Room', 'Restaurant')",83 Queen St
e828a82c55b279cd1e7f5f9997d86d4b,128,Hotel Chocolat,"('Dessert Shop', 'Restaurant')",42 Buchanan St
2a86fb913aad33c3e3deee02dd93f76d,95,Cineworld,"('Movie Theater',)",7 Renfrew St
2a86fb913aad33c3e3deee02dd93f76d,116,Clarins John Lewis Glasgow,"('Department Store',)",Buchanan St
2a86fb913aad33c3e3deee02dd93f76d,149,The LEGO Store Glasgow,"('Toy Store',)",220 Buchanan St
2a86fb913aad33c3e3deee02dd93f76d,166,Poundland,"('Discount Store',)",72-74 Sauchiehall St
2a86fb913aad33c3e3deee02dd93f76d,182,Yiamas Greek Taverna,"('Greek Restaurant',)",16-20 Bath St
2a86fb913aad33c3e3deee02dd93f76d,34,WHSmith,"('Bookstore',)",Killermont St
dd9ad2381ac6eb2e2826d3d8104297ec,132,Buchanan Galleries,"('Shopping Mall',)",220 Buchanan St
3ddf8661cd54b63e042898f8c83b38e0,342,Ardnamurchan,"('Whisky Bar', 'Scottish Restaurant')",325 Hope St
3ddf8661cd54b63e042898f8c83b38e0,416,Tiso Glasgow Outdoor Experience,"('Bicycle Store',)",50 Couper St
2a86fb913aad33c3e3deee02dd93f76d,265,The Raven,"('Bar', 'Restaurant')",81-85 Renfield St
ab5e5dc12c8217d4077ba0df3970feb5,163,"WEST Brewery, Bar & Restaurant","('Brewery', 'Bar')","Templeton Building, Glasgow Green"
ab5e5dc12c8217d4077ba0df3970feb5,386,Glasgow Green Football Centre,"('Gym and Studio',)",28 Kings Dr
f806566ccd2263bd5dbb624cdd0fb7f3,494,Bridgeton Post Office,"('Post Office',)",Main St
ab5e5dc12c8217d4077ba0df3970feb5,300,People's Palace,"('History Museum',)",Glasgow Green
f806566ccd2263bd5dbb624cdd0fb7f3,408,Glasgow City Council,"('Primary and Secondary School',)",35 David St
ec3d6eba43f27b84b35067a84fbc00c9,61,Saint Luke’s,"('Music Venue', 'Bar')",17 Bain Square
ab5e5dc12c8217d4077ba0df3970feb5,290,The Doulton Fountain,"('Landmarks and Outdoors',)",Glasgow Green
ab5e5dc12c8217d4077ba0df3970feb5,309,Winter Gardens,"('History Museum', 'Community and Government', 'Garden')",Glasgow Green
f806566ccd2263bd5dbb624cdd0fb7f3,527,Ursa Gates,"('Security and Safety',)",27 Fordneuk St
f8c52a83b6eb4a07b1ce65cdd46f12f6,367,Glasgow Green,"('Park',)",Greendyke St
1172741997ccd599fa530bfb8451808c,138,On Call Care Service,"('Government Department',)",117 Old Rutherglen Rd
1172741997ccd599fa530bfb8451808c,138,Oncall Hub,"('Government Department',)",117 Old Rutherglen Rd
f8c52a83b6eb4a07b1ce65cdd46f12f6,152,Billy Bilsland Cycles,"('Bicycle Store',)",176 Saltmarket
a8db8c24388d5d0ce7143678dfa0e676,32,Co-op Food - Glasgow - Crown Street,"('Grocery Store',)",190 Crown St
1172741997ccd599fa530bfb8451808c,223,Gorbals Recycles Project,"('Government Department',)",203 Old Rutherglen Rd
1172741997ccd599fa530bfb8451808c,293,The Adelphi Tria Cafe,"('Café',)",The Adelphi Centre
ef89ae581497a99c0a1d61db38e53380,1,La Fiorentina,"('Italian Restaurant',)",2 Paisley Rd West
27e224157e6a5dcec09cd3ad37b62315,132,Nando's,"('Restaurant',)",Paisley Rd West
654cfe414a7d682dfffd1259586b364f,386,India Quay,"('Indian Restaurant',)",181 Finnieston St
27e224157e6a5dcec09cd3ad37b62315,186,Cook & Indi's World Buffet,"('Buffet',)",251 Paisley Rd
b60e67062c32d2147f8892de3a446610,298,Berkeley 2,"('Music Venue', 'Arts and Entertainment')",93 Lancefield St
654cfe414a7d682dfffd1259586b364f,124,The SSE Hydro,"('Concert Hall', 'Theater', 'Bar')",Exhibition Way
ef89ae581497a99c0a1d61db38e53380,421,Glasgow Golf Centre,"('Golf Driving Range',)",124 Portman St
ef89ae581497a99c0a1d61db38e53380,467,Star For a Day,"('Recording Studio',)",542 Scotland St West
ef89ae581497a99c0a1d61db38e53380,504,The Fish People Cafe,"('Seafood Restaurant',)",350 Scotland St
101c6cd7749f373507e9444f5222b7f2,76,Oro,"('Italian Restaurant',)",85 Kilmarnock Rd
101c6cd7749f373507e9444f5222b7f2,139,Deli Zola Glasgow,"('Deli',)","11 Skirving St, Shawlands"
101c6cd7749f373507e9444f5222b7f2,200,D'nisi,"('Café', 'Coffee Shop', 'Restaurant')",265 Kilmarnock Rd
80c191c76711807560f1dee0ec98b9c4,181,Cafe Strange Brew,"('Café', 'Restaurant')",1109 Pollokshaws Rd
80c191c76711807560f1dee0ec98b9c4,111,Salt & Vinegar,"('Fish and Chips Shop', 'Fast Food Restaurant', 'Seafood Restaurant')",1044 Pollokshaws Rd
80c191c76711807560f1dee0ec98b9c4,92,Brooklyn Cafe,"('Café', 'Restaurant')",21-23 Minard Rd
101c6cd7749f373507e9444f5222b7f2,300,Newlands Post Office,"('Post Office',)",174 Kilmarnock Rd
80c191c76711807560f1dee0ec98b9c4,15,The Glad Cafe,"('Music Venue', 'Café', 'Restaurant')",1006a Pollokshaws Rd
101c6cd7749f373507e9444f5222b7f2,695,Loks Bar & Kitchen,"('Restaurant',)",16 Newlandsfield Rd
90f4aed9eeacf63d2f1a9af8ba77d5bc,403,Langside Cafe,"('Barbershop',)",33 Langside Pl
d204cd406e1b7af53252157f13d4df60,56,Pollok Country Park,"('Park',)",2060 Pollokshaws Rd
8486f63f1088194889096079329cdbdb,703,Glasgow Parkrun,"('Gym and Studio',)",
8486f63f1088194889096079329cdbdb,1001,Pollok Golf Club,"('Golf Course',)",90 Barrhead Rd
66bf0c2b0588b8c742caeb43d89a82c2,134,Celino's,"('Deli', 'Italian Restaurant')",622 Alexandra Parade
66bf0c2b0588b8c742caeb43d89a82c2,489,Alexandra Park,"('Park',)",10 Sannox Gardens
64351cf3fd58727dbb26147dec40e855,141,Dennistoun Bar-B-Que,"('BBQ Joint', 'Burger Joint', 'American Restaurant')",585 Duke St
f3ad8b8957d8be86ce18b8c9a43f02e1,326,Coia's Cafe,"('Café', 'Coffee Shop', 'Italian Restaurant')",473 Duke St
f3ad8b8957d8be86ce18b8c9a43f02e1,244,Tibo,"('Bistro', 'Cafe, Coffee, and Tea House', 'English Restaurant')",443 Duke St
64351cf3fd58727dbb26147dec40e855,323,The Duchess of Duke Street,"('Pub', 'Restaurant')",380 Duke St
f3ad8b8957d8be86ce18b8c9a43f02e1,331,Tapa Organic,"('Bakery',)",21 Whitehill St
64351cf3fd58727dbb26147dec40e855,234,Greggs,"('Bakery',)",543/545 Duke St
10998482c3187c80b1fc322bee154cb6,164,Subway,"('Deli', 'Fast Food Restaurant')",433 Alexandra Parade
f3ad8b8957d8be86ce18b8c9a43f02e1,75,Redmond's,"('Pub', 'Restaurant')",304 Duke St
64351cf3fd58727dbb26147dec40e855,380,Home Bargains,"('Discount Store',)",Forge Retail Park
64351cf3fd58727dbb26147dec40e855,456,B&M Home Store with Garden Centre,"('Discount Store',)",11 Biggar St
c8234c56f76f3f84d81c54ceedbdab54,161,The Buttery,"('Restaurant',)",652 Argyle St
0e94d2ad012bff0cf23497963ff5fd77,446,Scotland Street School Museum,"('History Museum',)",225 Scotland St
b98603df18dece74e168037c3fe67a2c,52,Glasgow Film Theatre,"('Indie Movie Theater',)",12 Rose St
faf9e8803c8d80741d74f98cb9ba8337,89,The Butterfly & the Pig,"('Bar', 'Gastropub')",153 Bath St
b98603df18dece74e168037c3fe67a2c,76,Nando's,"('Restaurant',)",263 Sauchiehall St
b98603df18dece74e168037c3fe67a2c,132,Smile Cafe Central,"('Café', 'Coffee Shop', 'Restaurant')",121 Douglas St
ad008187b01147da4b6986fec9f25495,93,Red Onion,"('Restaurant',)",257 West Campbell St
faf9e8803c8d80741d74f98cb9ba8337,39,Primark,"('Clothing Store',)",171 Sauchiehall St
ad008187b01147da4b6986fec9f25495,84,Waterstone's,"('Bookstore',)",153-157 Sauchiehall St
ad008187b01147da4b6986fec9f25495,193,Gamba,"('Seafood Restaurant',)",225a West George St
90f4aed9eeacf63d2f1a9af8ba77d5bc,63,Battlefield Rest,"('Italian Restaurant',)",55 Battlefield Rd
90f4aed9eeacf63d2f1a9af8ba77d5bc,183,Grain and Grind,"('Coffee Shop', 'Restaurant')",50 Battlefield Rd
af89fc71d4e9b25fd63a7ae8861f4c03,218,Asda,"('Grocery Store',)",555 Prospecthill Rd
6006222102c4bdaf1e119fc089393312,37,See Woo Restaurant,"('Cantonese Restaurant', 'Dim Sum Restaurant')","The Point, 29 Saracen St"
6006222102c4bdaf1e119fc089393312,153,Bilis Electric Mopeds,(),"The Whisky Bond - Distillery, 2, Dawson Rd"
6006222102c4bdaf1e119fc089393312,176,Ic Mobile Lab,(),The Whisky Bond
6006222102c4bdaf1e119fc089393312,249,Elmwood,"('Manufacturer',)",25 Eagle St
12aac9e40a335ee43b231c94972a7a69,378,R D Tyre Service,"('Automotive Repair Shop', 'Tire Repair Shop')",460 Pinkston Rd
6006222102c4bdaf1e119fc089393312,456,Sound & Vision a V,"('Audiovisual Service',)",100 Borron St
6006222102c4bdaf1e119fc089393312,657,Ocho,"('Café', 'Restaurant')",8 Speirs Wharf
6006222102c4bdaf1e119fc089393312,537,Breedon Aggregates,(),Highcraighall Rd
4569cc932fe326799b99930cad84c476,362,Keppoch Nursery School,"('Nursery School',)",65 Stonyhurst St
7ad6b0b3be3cb3d85e687bdf53358611,17,Rockvilla Pizza,"('Pizzeria',)",6 Possil Rd
7f57f6deed054209b94f5d22e1bb5b68,292,Cafe D’Jaconelli,"('Café', 'Restaurant')",570 Maryhill Rd
7f57f6deed054209b94f5d22e1bb5b68,308,Firhill Stadium,"('Stadium',)",80 Firhill Rd
a19e9249f64251a331f70f78845241c9,290,Strathmore Bar,"('Pub', 'Restaurant')",775 Maryhill Rd
7ad6b0b3be3cb3d85e687bdf53358611,722,The Hug and Pint,"('Pub', 'Restaurant')",Great Western Rd 171
540d5877eb2aa25add536be07be49962,41,Inn Deep,"('Beer Bar', 'Restaurant')",445 Great Western Rd
7f57f6deed054209b94f5d22e1bb5b68,727,Morello,"('Pizzeria', 'Fast Food Restaurant', 'Middle Eastern Restaurant')",253 Great Western Rd
540d5877eb2aa25add536be07be49962,82,Paesano Pizza,"('Pizzeria', 'Italian Restaurant')",471 Great Western Rd
540d5877eb2aa25add536be07be49962,124,Cottonrake Bakery,"('Bakery', 'Restaurant')",497 Great Western Rd
540d5877eb2aa25add536be07be49962,47,Roots Fruits & Flowers,"('Flower Store',)",451-457 Great Western Rd
bc208a63ac25b883b9eb6e28bfff2f28,60,Maryhill Post Office,"('Post Office',)",1201 Maryhill Rd
bc208a63ac25b883b9eb6e28bfff2f28,31,McDonald's,"('Burger Joint', 'Fast Food Restaurant')",1200 Maryhill Rd
a19e9249f64251a331f70f78845241c9,602,Ruchill Park,"('Park',)",
4569cc932fe326799b99930cad84c476,221,William Hill,"('Casino',)",238 Saracen St
4569cc932fe326799b99930cad84c476,307,BM Metals,"('Metals Supplier',)",33 Balmore Rd
4569cc932fe326799b99930cad84c476,339,Zayns Tandoori,"('Fast Food Restaurant', 'Indian Restaurant')",267 Saracen St
4569cc932fe326799b99930cad84c476,482,Home Bargains,"('Discount Store',)",20 Stronend St
4569cc932fe326799b99930cad84c476,386,"World Mission Agency - Winner's Chapel International, Scotland","('Spiritual Center',)",41 Ashfield St
4569cc932fe326799b99930cad84c476,505,Lidl,"('Grocery Store',)",109 Balmore Rd
4569cc932fe326799b99930cad84c476,503,Allander Surgery,"(""Doctor's Office"",)",191 Denmark St
9b7e254f4f98c7ab070e5a9958d420ef,137,Costa Coffee,"('Coffee Shop',)",1221 Gallowgate Glasgow
2c49302c8bb3a00373f898594228a941,301,Celtic Park,"('Sporting Goods Retail',)",18 Kerrydale St
9b7e254f4f98c7ab070e5a9958d420ef,362,Aerials Alert,"('Telecommunication Service',)",1201 Duke St
ed8440d874a0b4205ddbcc0bc56f3d49,65,Glasgow Rocks Pro Basketball,"('Basketball Court',)",1000 London Rd
9b7e254f4f98c7ab070e5a9958d420ef,633,Sign Image Glasgow,"('Print Store',)",317-349 Shettleston Rd
9b7e254f4f98c7ab070e5a9958d420ef,701,Parkhead Community Nursery,"('Nursery School',)",61 Crail St
9b7e254f4f98c7ab070e5a9958d420ef,733,Eastfields PARK,"('Park',)",
9b7e254f4f98c7ab070e5a9958d420ef,783,Parkhead Community Nursery,"('Nursery School',)",17 Pharonhill St
9b7e254f4f98c7ab070e5a9958d420ef,840,Westmuir High School,"('High School',)",255 Rigby St
c8234c56f76f3f84d81c54ceedbdab54,97,Cast Iron Grill,"('Restaurant',)",500 Argyle St
6c5f3eaafa4323831910bb404125cef9,94,La Lanterna,"('Italian Restaurant',)",35 Hope St
e1daeb462bfffe1b0270860d3923303f,39,St Louis Cafe Bar,"('Wine Bar', 'Café', 'Restaurant')",734 Dumbarton Rd
e1daeb462bfffe1b0270860d3923303f,274,Bibi's,"('Mexican Restaurant',)",599 Dumbarton Rd
e1daeb462bfffe1b0270860d3923303f,130,Starbucks,"('Coffee Shop',)",290 Castlebank St
e1daeb462bfffe1b0270860d3923303f,304,Meadow Road Coffee,"('Coffee Shop', 'Restaurant')",579 Dumbarton Rd
e1daeb462bfffe1b0270860d3923303f,354,Basta,"('Pizzeria',)",561 Dumbarton Rd
d9eacbf78518d186400386d90f0cf49c,209,Kothel,"('Café', 'Restaurant')",300 Crow Rd
e1daeb462bfffe1b0270860d3923303f,614,Sainsbury's,"('Grocery Store',)",80 Crow Rd
e1daeb462bfffe1b0270860d3923303f,538,Subway,"('Deli', 'Fast Food Restaurant')",Crow Rd
e1daeb462bfffe1b0270860d3923303f,600,Caffè Nero,"('Cafe, Coffee, and Tea House',)",West End Retail Park
e1daeb462bfffe1b0270860d3923303f,632,Roastit Bubbly Jocks,"('Scottish Restaurant',)",450 Dumbarton Rd
e9411faefce1d3a87601ad2dae1d1efc,151,Jelly Hill,"('Bistro', 'Café', 'Coffee Shop')",195 Hyndland Rd
e9411faefce1d3a87601ad2dae1d1efc,389,The Hyndland Cafe,"('Café', 'Sandwich Spot')",96 Clarence Dr
e9411faefce1d3a87601ad2dae1d1efc,438,Caffe Parma,"('Italian Restaurant',)",30A Hyndland Rd
e9411faefce1d3a87601ad2dae1d1efc,439,Cafe Source Too,"('Restaurant',)",32 Hughenden Rd
e1d3e09da4969404a689700ed36b5d56,530,Cafezique,"('Café', 'Deli', 'French Restaurant')",66 Hyndland St
e9411faefce1d3a87601ad2dae1d1efc,515,Delizique,"('Gourmet Store',)",66 Hyndland St
e1d3e09da4969404a689700ed36b5d56,482,My Home Bakery,"('Bakery', 'Deli')",59 Hyndland St
e1d3e09da4969404a689700ed36b5d56,381,Kaf Coffee,"('Bakery', 'Café', 'Restaurant')",5 Hyndland St
3c3dcd5ab1d1b41a307a4436823f798a,148,Celino's Partick,"('Deli', 'Italian Restaurant')",235 Dumbarton Rd
85c3b5be1873561dc445f46324d143b7,78,Caffè Nero,"('Cafe, Coffee, and Tea House',)","St Enoch Square, City Centre"
ad008187b01147da4b6986fec9f25495,128,Opium,"('Dim Sum Restaurant', 'Thai Restaurant')",191 Hope St
ad008187b01147da4b6986fec9f25495,156,The Pot Still,"('Whisky Bar', 'Wine Bar', 'Restaurant')",154 Hope St
ad008187b01147da4b6986fec9f25495,144,Rishi's Indian Aroma,"('Indian Restaurant',)",61 Bath St
ad008187b01147da4b6986fec9f25495,210,Gin 71,"('Cocktail Bar', 'Wine Bar', 'Restaurant')",71 Renfield St
f3ad8b8957d8be86ce18b8c9a43f02e1,53,Post Office,"('Post Office',)",1 Annfield Pl
f3ad8b8957d8be86ce18b8c9a43f02e1,174,Nakodar Grill,"('Indian Restaurant',)",13 Annfield Pl
f3ad8b8957d8be86ce18b8c9a43f02e1,82,Lidl,"('Grocery Store',)",285 Duke St
f3ad8b8957d8be86ce18b8c9a43f02e1,107,Quickhits slot,"('Casino',)",Duke St
ab5e5dc12c8217d4077ba0df3970feb5,611,Barras Art and Design,"('Arts and Entertainment',)",54 Calton Entry
ec3d6eba43f27b84b35067a84fbc00c9,106,Barrowland Ballroom,"('Concert Hall', 'Music Venue', 'Theater')",244 Gallowgate
bfdb33b93e6a6a80f01c46a8284203e0,66,George Square,"('Bar', 'Seafood Restaurant')",40 George Square
dd9ad2381ac6eb2e2826d3d8104297ec,118,Anchor Line,"('Cocktail Bar', 'Wine Bar', 'Diner')",12-16 St Vincent Pl
dd9ad2381ac6eb2e2826d3d8104297ec,117,The Citizen Bar & Dining Rooms,"('Cocktail Bar', 'Restaurant')",24 St Vincent Pl
dd9ad2381ac6eb2e2826d3d8104297ec,130,Apple Glasgow,"('Electronics Store',)",147 Buchanan St
6f47ac14f7aaa6b2c04936f30a5c2bb6,168,Eusebi Deli,"('Italian Restaurant',)",152 Park Rd
6f47ac14f7aaa6b2c04936f30a5c2bb6,278,Stravaigin,"('Gastropub',)",28 Gibson St
5c9021a0e68ddd0d3e47cc90e59c77c8,166,Tramway,"('Music Venue', 'Theater', 'Restaurant')",25 Albert Dr
5c9021a0e68ddd0d3e47cc90e59c77c8,11,Ar Furnishings Group,(),"Studio 105 105, Albert Dr"
5c9021a0e68ddd0d3e47cc90e59c77c8,52,Masjid Noor Muslim Mosque,"('Mosque',)",79 Forth St
ba6d3b1c4cafd1b3e29f950f613c4605,358,Ranjit's Kitchen,"('Café', 'North Indian Restaurant')",607 Pollokshaws Rd
a9d5888ec8ab5a638fbe933e0a5311de,245,Allison Arms,"('Arts and Entertainment', 'Pub', 'Sports Bar')",720 Pollokshaws Rd
a9d5888ec8ab5a638fbe933e0a5311de,318,Koelschip Yard,"('Beer Bar', 'Wine Bar')",686-688 Pollokshaws Rd
a9d5888ec8ab5a638fbe933e0a5311de,225,Pot Luck,"('Dining and Drinking',)",
a9d5888ec8ab5a638fbe933e0a5311de,254,Rum Shack,"('Cocktail Bar', 'Caribbean Restaurant')",657-659 Pollokshaws Rd
a9d5888ec8ab5a638fbe933e0a5311de,188,The Bungo,"('Bar', 'Restaurant')",17-21 Nithsdale Rd
5c9021a0e68ddd0d3e47cc90e59c77c8,364,Subway,"('Deli', 'Fast Food Restaurant')",38 Herriet St
7fd473d65bb4ead7217d778a38d56dc2,263,MacDonald Studio,"('Photographer',)",11 Buchanan Gardens 197
7fd473d65bb4ead7217d778a38d56dc2,287,Ainscough Crane Hire,(),2600 London Rd
7fd473d65bb4ead7217d778a38d56dc2,316,Mount Vernon Community Hall,"('Community and Government',)",Mount vernon park
7fd473d65bb4ead7217d778a38d56dc2,377,Mount Vernon Service Station,"('Fuel Station',)",299 Mount Vernon Ave
7fd473d65bb4ead7217d778a38d56dc2,512,Mount Vernon Primary School,"('Elementary School',)",Penryn Gardens
7fd473d65bb4ead7217d778a38d56dc2,588,City Plumbing Supplies,"('Plumber',)",2500 London Rd
7fd473d65bb4ead7217d778a38d56dc2,625,St Francis of Assisi,"('Church',)",Crown St
7fd473d65bb4ead7217d778a38d56dc2,675,Dogs Trust,"('Pet Sitting and Boarding Service',)",315 Hamilton Rd
7fd473d65bb4ead7217d778a38d56dc2,733,V K Timber,"('Construction Supplies Store',)",2430 London Rd
7fd473d65bb4ead7217d778a38d56dc2,794,The Woodend,"('Bar', 'Restaurant')",129 Hamilton Rd
90ca952e355fd4673ea26061d13d8841,29,Domino's Pizza,"('Pizzeria', 'Fast Food Restaurant')",828 Crow Rd
90ca952e355fd4673ea26061d13d8841,113,Costa Coffee,"('Coffee Shop',)","Dr Thru, 870 Crow Rd"
90ca952e355fd4673ea26061d13d8841,87,Post Office,"('Post Office',)",1606 Great Western Rd
90ca952e355fd4673ea26061d13d8841,91,Currys,"('Computers and Electronics Retail',)","Crow Rd, Anniesland Retail Park"
90ca952e355fd4673ea26061d13d8841,66,Glamour Paws,"('Pet Grooming Service', 'Pet Sitting and Boarding Service', 'Pet Supplies Store')",1613 Great Western Rd
90ca952e355fd4673ea26061d13d8841,174,Morrisons,"('Grocery Store',)",900 Crow Rd
90ca952e355fd4673ea26061d13d8841,409,Chip Chik Inn,"('Fish and Chips Shop',)",37 Fulton St
90ca952e355fd4673ea26061d13d8841,393,Bawarchi Indian restaurant,"('Indian Restaurant',)",995 Crow St
90ca952e355fd4673ea26061d13d8841,402,Scotia Stoves,"('Professional Cleaning Service',)",987 Crow Rd
90ca952e355fd4673ea26061d13d8841,405,Kumon Study Centre Glasgow,"('Education',)","Glasgow Academical Rugby Club, Helensburgh Dr"
8af6d6e52a43dc3df9086e10ab9da2a1,183,King Tut's Wah Wah Hut,"('Music Venue', 'Wine Bar', 'Restaurant')",272a St Vincent St
a1829c3fd840369355ada2949567d15a,105,Bavaria Brauhaus,"('Beer Bar', 'Restaurant')",30 Bothwell St
a1829c3fd840369355ada2949567d15a,102,Rhoderick Dhu,"('Beer Bar',)",21-23 Waterloo St
a1829c3fd840369355ada2949567d15a,68,The Smoking Fox,"('Bar',)",6-8 Waterloo St
a1829c3fd840369355ada2949567d15a,72,Alston Bar & Beef,"('Bar', 'American Restaurant', 'Steakhouse')",79 Gordon St
540d5877eb2aa25add536be07be49962,192,Tiffney's Steakhouse,"('Cafe, Coffee, and Tea House', 'Scottish Restaurant', 'Steakhouse')",61 Otago St
6f47ac14f7aaa6b2c04936f30a5c2bb6,254,Tchai-Ovna House of Tea,"('Tea Room', 'Restaurant')",42 Otago Lane
a5fe191b595724ce2fa7372b3ccca653,81,Kelvingrove Art Gallery and Museum,"('Art Gallery',)",Argyle St
a5fe191b595724ce2fa7372b3ccca653,132,Mother India's Cafe,"('Indian Restaurant',)",1355 Argyle St
a5fe191b595724ce2fa7372b3ccca653,157,BrewDog Glasgow,"('Beer Bar', 'Burger Joint')",1397 Argyle St
a5fe191b595724ce2fa7372b3ccca653,163,The Butchershop Bar & Grill,"('Wine Bar', 'Steakhouse')",1055 Sauchiehall St
a5fe191b595724ce2fa7372b3ccca653,200,Roast,"('Café', 'Sandwich Spot')",1299 Argyle St
a5fe191b595724ce2fa7372b3ccca653,242,Kelvingrove Bandstand,"('Music Venue', 'Theater')",Kelvingrove Park
a5fe191b595724ce2fa7372b3ccca653,249,Grunting Growler,"('Beer Store', 'Liquor Store')",51 Old Dumbarton Rd
a5fe191b595724ce2fa7372b3ccca653,337,Kelvingrove Park,"('Park',)",Kelvin Way
c04c3fc64f0ba6c420bd3184f474bfc9,260,Hunterian Museum,"('Museum',)","University Of Glasgow, University Ave"
d80f772bb69ca8c783940446811dda56,41,The 78,"('Bar', 'Vegan and Vegetarian Restaurant')",10-14 Kelvinhaugh St
e828a82c55b279cd1e7f5f9997d86d4b,187,Republic Bier Halle,"('Beer Garden', 'Pub', 'Pizzeria')",9 Gordon St
dd9ad2381ac6eb2e2826d3d8104297ec,162,Miller & Carter Glasgow,"('Steakhouse',)",47 St Vincent St
6f47ac14f7aaa6b2c04936f30a5c2bb6,235,Offshore,"('Café', 'Coffee Shop', 'Restaurant')",3-5 Gibson St
6f47ac14f7aaa6b2c04936f30a5c2bb6,300,The Left Bank,"('Bar', 'Bistro')",33-35 Gibson St
e1d3e09da4969404a689700ed36b5d56,291,Lidl,"('Grocery Store',)",Beith St
066c99293af108ece27d9b0436c30cc4,73,Riverside Museum,"('History Museum',)",Pointhouse Pl
3c3dcd5ab1d1b41a307a4436823f798a,55,The Lismore,"('Whisky Bar',)",206 Dumbarton Rd
ba4133ab0ad5c5b405a541c5dfa5814f,74,Lebowskis,"('Cocktail Bar', 'Gastropub')",1008 Argyle St
d80f772bb69ca8c783940446811dda56,133,The Finnieston,"('Bar', 'Gastropub', 'Seafood Restaurant')",1125 Argyle St
d80f772bb69ca8c783940446811dda56,88,Crabshakk,"('Seafood Restaurant',)",1114 Argyle St
d80f772bb69ca8c783940446811dda56,78,The Ben Nevis,"('Whisky Bar',)",1147 Argyle St
a9d5888ec8ab5a638fbe933e0a5311de,123,Gusto & Relish,"('Café', 'Deli')",729-731 Pollokshaws Rd
a9d5888ec8ab5a638fbe933e0a5311de,405,Queens Park,"('Park',)",520 Langside Rd
ba6d3b1c4cafd1b3e29f950f613c4605,284,The Chicken Hut,"('Indian Restaurant',)",
ba6d3b1c4cafd1b3e29f950f613c4605,353,Annette Street Primary School,"('Primary and Secondary School',)",27 Annette St
d609f2455b3dbc528814c140c6d86413,94,1051 Gwr,"('Bar', 'Restaurant')",1051 Great Western Rd
d609f2455b3dbc528814c140c6d86413,125,Wrvs Coffee Shop,"('Café',)",Shelley Rd
d609f2455b3dbc528814c140c6d86413,145,Homoeopathic Hospital,"('Hospital',)",1053 Great Western Rd
d609f2455b3dbc528814c140c6d86413,268,Nuffield Health Glasgow Hospital,"('Hospital',)",1000 Great Western Rd
d609f2455b3dbc528814c140c6d86413,531,111 by Nico,"('Restaurant',)",111 Cleveden Rd
d609f2455b3dbc528814c140c6d86413,466,Kelvindale Primary School,"('Elementary School',)",11 Dorchester Pl
982a00e7910b5eaae622461281c86b53,250,Baltic Street Adventure Playground,"('Playground',)",421 Baltic St
982a00e7910b5eaae622461281c86b53,299,Reeves Amusement Rides,"('Amusement Park',)",200 Swanston St
982a00e7910b5eaae622461281c86b53,379,London Cab Sales,"('Used Car Dealership',)",136 Boden St
982a00e7910b5eaae622461281c86b53,532,Moshe Safdie,"('Business and Professional Services',)",Cotton St Business Park
ed8440d874a0b4205ddbcc0bc56f3d49,411,Springstop,"('Metals Supplier',)",95 Boden St
ed8440d874a0b4205ddbcc0bc56f3d49,78,Glasgow Commonwealth Arena,"('Stadium', 'Gym and Studio')",Nuneaton St
ed8440d874a0b4205ddbcc0bc56f3d49,557,London Road Police Station,"('Police Station',)",851 London Rd
ed8440d874a0b4205ddbcc0bc56f3d49,269,Celtic Ticket Office,"('Ticket Seller',)",Kerrydale St
90f4aed9eeacf63d2f1a9af8ba77d5bc,100,Tinto Tapas Bar,"('Tapas Restaurant',)",138 Battlefield Rd
90f4aed9eeacf63d2f1a9af8ba77d5bc,164,Frousoulla's Greek Restaurant,"('Greek Restaurant',)",
90f4aed9eeacf63d2f1a9af8ba77d5bc,100,Subway,"('Deli', 'Fast Food Restaurant')",128 Battlefield Rd
90f4aed9eeacf63d2f1a9af8ba77d5bc,391,Hooked Fish & Chips,"('Fish and Chips Shop',)",1027 Cathcart Rd
90f4aed9eeacf63d2f1a9af8ba77d5bc,396,Church on the Hill,"('Pub', 'Restaurant')",16 Algie St
90f4aed9eeacf63d2f1a9af8ba77d5bc,600,Clockwork Beer Co,"('Bar', 'Gastropub')",1153-1155 Cathcart Rd
90f4aed9eeacf63d2f1a9af8ba77d5bc,446,Keystore,"('Convenience Store',)",1101 Cathcart Rd
e6e70fe059c3461f05eff24ccab6c09d,187,Beirut Star,"('Lebanese Restaurant',)",450 Paisley Rd West
e6e70fe059c3461f05eff24ccab6c09d,140,Subway,"('Deli', 'Fast Food Restaurant')",468/470 Paisley Rd West
e6e70fe059c3461f05eff24ccab6c09d,240,Post Office,"('Post Office',)",9 North Gower St
e6e70fe059c3461f05eff24ccab6c09d,538,Ibrox Stadium,"('Stadium',)",150 Edmiston Dr
e6e70fe059c3461f05eff24ccab6c09d,478,Bite Me Sandwich Bar,"('Fast Food Restaurant', 'Sandwich Spot')",383 Paisley Rd West
e6e70fe059c3461f05eff24ccab6c09d,423,The Louden Tavern,"('Arts and Entertainment', 'Bar', 'Restaurant')",111 Copland Rd
e6e70fe059c3461f05eff24ccab6c09d,358,Co-op Food - Ibrox,"('Grocery Store',)",390-400 Paisley Rd West
e6e70fe059c3461f05eff24ccab6c09d,322,Georgie Porgies,"('Caterer',)",195 Brand St
e6e70fe059c3461f05eff24ccab6c09d,430,Manhattan Sandwich Bar,"('Café',)",
e6e70fe059c3461f05eff24ccab6c09d,478,The Hardware Store,"('Hardware Store',)",362 Paisley Rd West
caf64729d7f752ab99f5a2c600a089c6,283,CineStore,"('Film Studio', 'Retail')",126 Cornwall St South
caf64729d7f752ab99f5a2c600a089c6,329,Transcool,"('Shipping, Freight, and Material Transportation Service',)","Claremont Centre, 39 Durham St"
caf64729d7f752ab99f5a2c600a089c6,329,Dlx,(),149 Vermont St
caf64729d7f752ab99f5a2c600a089c6,442,Blue Sky Optical,"('Eyecare Store',)",119 Vermont St
caf64729d7f752ab99f5a2c600a089c6,443,Wolseley Plumb & Parts,"('Plumber',)",and 4 Excelsor Industrial Estate
caf64729d7f752ab99f5a2c600a089c6,637,Wonder World,"('Indoor Play Area',)",99 Middlesex St
caf64729d7f752ab99f5a2c600a089c6,510,Clyde Importers,"('Electrical Equipment Supplier',)",17 Maclellan St
caf64729d7f752ab99f5a2c600a089c6,582,Kubenet Limited,"('Telecommunication Service',)","Academy Park, Gower St"
caf64729d7f752ab99f5a2c600a089c6,600,Kinning Park Complex,"('Community Center',)",43 Cornwall St
2b7a24c5351796cdc372275308f7cfc9,61,Springburn Parish Church,"('Church',)",180 Springburn Way
2b7a24c5351796cdc372275308f7cfc9,195,B&M Store,"('Discount Store',)",No 16
2b7a24c5351796cdc372275308f7cfc9,212,Post Office,"('Post Office',)",230 Springburn Way
2b7a24c5351796cdc372275308f7cfc9,209,Subway,"('Deli', 'Fast Food Restaurant')",230 Springburn Way
2b7a24c5351796cdc372275308f7cfc9,404,Experiential Play,"('Education',)",110 Flemington St
2b7a24c5351796cdc372275308f7cfc9,792,Costco Glasgow,"('Warehouse or Wholesale Store',)",15 Cobden Rd
2b7a24c5351796cdc372275308f7cfc9,446,Scotia Surface Hardening Co,(),14 Foundry St
2b7a24c5351796cdc372275308f7cfc9,448,SD Bookkeeping & Payroll Services,"('Education',)",30 Mansel St
2b7a24c5351796cdc372275308f7cfc9,468,Elmvale Primary School,"('Primary and Secondary School',)",Hawthorn St
2b7a24c5351796cdc372275308f7cfc9,481,Daw Signs,"('Print Store',)",Edgefauld Ave
7fde42277f0af769fa2844ac44fb18bb,410,The Old Smiddy,"('Pub', 'Restaurant')",131 Old Castle Rd
7fde42277f0af769fa2844ac44fb18bb,323,Merrylee Dental Practice,"('Dentist',)",207 Clarkston Rd
7fde42277f0af769fa2844ac44fb18bb,371,St Gabriel R C Church,"('Church',)",83 Merrylee Rd
7fde42277f0af769fa2844ac44fb18bb,542,Snuffmill Bridge,"('Bridge',)",Snuffmill Rd
7fde42277f0af769fa2844ac44fb18bb,690,Calma Contracts,"('Carpenter',)",45 Largie Rd
7fde42277f0af769fa2844ac44fb18bb,733,Merrylee Primary School,"('Elementary School',)",50 Friarton Rd
7fde42277f0af769fa2844ac44fb18bb,936,The Bank,"('Wine Bar', 'Restaurant')",443 Clarkston Rd
af89fc71d4e9b25fd63a7ae8861f4c03,743,Greggs,"('Bakery',)",1158 Cathcart Rd
7fde42277f0af769fa2844ac44fb18bb,797,Discount Pet Supplies,"('Pet Supplies Store',)",399 Clarkston Rd
1d0ef65099a882d9ca47c5e290a642a9,115,Nethercraigs Sports Complex,"('Sports and Recreation',)",Corkerhill Rd
1d0ef65099a882d9ca47c5e290a642a9,233,RCG Landscaping,"('Landscaper and Gardener',)",169 Aros Dr
1d0ef65099a882d9ca47c5e290a642a9,333,Cardonald Care Home,"('Assisted Living Service', 'Nursing Home')",663 Mosspark Dr
1d0ef65099a882d9ca47c5e290a642a9,443,Just 4 Keepers,"('Sporting Goods Retail',)",125 Kinnell Ave
1d0ef65099a882d9ca47c5e290a642a9,611,Co-op Food,"('Grocery Store',)",20-24 Braidcraft Terrace
1d0ef65099a882d9ca47c5e290a642a9,539,Corkerhill Depot,"('Office Building',)",Corkerhill Pl
1d0ef65099a882d9ca47c5e290a642a9,689,Pollok Community Centre,"('Community Center',)",
1d0ef65099a882d9ca47c5e290a642a9,793,Sun City,"('Chinese Restaurant', 'Fast Food Restaurant')",836 Mosspark Dr
e7b590304d2ae958110e34961830ce68,192,Cardonald Cemetery,"('Cemetery',)",547 Mosspark Boulevard
b205037f7c8a72a7acf2af890570bb16,93,St Thomas Apostle R C Church,"('Spiritual Center',)",826 Cumbernauld Rd
b205037f7c8a72a7acf2af890570bb16,233,Carntyne Primary School,"('Elementary School',)",38 Liberton St
b205037f7c8a72a7acf2af890570bb16,238,G Strain,"(""Doctor's Office"",)",804 Cumbernauld Rd
b205037f7c8a72a7acf2af890570bb16,314,Scotfresh Group,"('Professional Cleaning Service', 'Convenience Store')","743 Cumbernauld Rd, Lanarkshire"
b205037f7c8a72a7acf2af890570bb16,334,DSD Scotland,"('Security and Safety',)",2 Lethamhill Rd
b205037f7c8a72a7acf2af890570bb16,497,Glasgow City Council Land and,"('Campground',)","Riddrie Library, 1020 Cumbernauld Rd"
b205037f7c8a72a7acf2af890570bb16,548,Westminster Health Care,"('Assisted Living Service', 'Nursing Home')",Alexander Ct 332 Edinburgh Rd
b205037f7c8a72a7acf2af890570bb16,564,Conte's Fish N Chip Bar,"('Fast Food Restaurant',)",Cumbernauld Rd
b205037f7c8a72a7acf2af890570bb16,608,Barchester - Alexandra Court Care Home,"('Hospital',)",332 Edinburgh Rd
b205037f7c8a72a7acf2af890570bb16,649,Equinox56,"('Alternative Medicine Clinic',)",15 Abbeyhill St
573cb802d312c0c7388eeb86b7df2b16,110,Subway,"('Deli', 'Fast Food Restaurant')",1417 Maryhill Rd
573cb802d312c0c7388eeb86b7df2b16,416,"Maryhill Lock Flight, Lock 21","('Canal Lock',)",
573cb802d312c0c7388eeb86b7df2b16,448,Apex Scotland,"('Education',)",186 Wyneford Rd
573cb802d312c0c7388eeb86b7df2b16,555,Kelvindale Minimarket,"('Convenience Store',)",361-367 Kelvindale Rd
573cb802d312c0c7388eeb86b7df2b16,635,Maryhill Library,"('Library', 'Bookstore')",
573cb802d312c0c7388eeb86b7df2b16,672,MASTER CRAFT TREE - Landscrape Design,"('Landscaper and Gardener',)",Glenavon Rd 71
573cb802d312c0c7388eeb86b7df2b16,673,National Museum of Flight Scotland,(),
573cb802d312c0c7388eeb86b7df2b16,696,Forth and Clyde Canal,"('Canal',)",
a8db8c24388d5d0ce7143678dfa0e676,627,Al Sultan,"('Mediterranean Restaurant', 'Middle Eastern Restaurant')",61 Bridge St
a8db8c24388d5d0ce7143678dfa0e676,680,The Laurieston Bar,"('Pub', 'Wine Bar')",58 Bridge St
dd9ad2381ac6eb2e2826d3d8104297ec,174,Shilling Brewing Co,"('Bar', 'Brewery', 'Restaurant')",92 West George St
dd9ad2381ac6eb2e2826d3d8104297ec,188,Five Guys Glasgow St Vincent St,"('Burger Joint', 'American Restaurant', 'Fast Food Restaurant')",57-61 St Vincent St
5a527c8ff4d91a318d173dbdbce298c0,422,Sugar Rush,"('Hookah Bar', 'Fast Food Restaurant', 'Halal Restaurant')",32 St Andrews Rd
5a527c8ff4d91a318d173dbdbce298c0,421,Red Pepper,"('Asian Restaurant', 'Fast Food Restaurant', 'Indian Restaurant')",32D St Andrews Rd
0e94d2ad012bff0cf23497963ff5fd77,828,Moyra Janes,"('Café', 'Restaurant')",20 Kildrostan St
bbf0e6792d57d47cb2e66509a3712d22,27,Subway,"('Deli', 'Fast Food Restaurant')",795 Govan Cross Shopping Center
bbf0e6792d57d47cb2e66509a3712d22,81,Home Bargains,"('Discount Store',)","Govan Cross Shopping Centre, Govan Rd"
bbf0e6792d57d47cb2e66509a3712d22,343,Iceland,"('Food and Beverage Retail',)",Unit1govan Cross Shopping Centre
066c99293af108ece27d9b0436c30cc4,378,Swg3,"('Art Gallery',)",100 Eastvale Pl
bbf0e6792d57d47cb2e66509a3712d22,505,Topps Tiles,"('Construction Supplies Store',)",144 Helen St
5a611496ed54f7f74525c262367db06f,303,The Clydeside Distillery,"('Distillery',)",100 Stobcross Rd
bbf0e6792d57d47cb2e66509a3712d22,535,Broomloan Nursery School,"('Nursery School',)",80 Vicarfield St
65a1fded1cfdaf39b8c7ea2cc561144b,214,House For an Art Lover,"('Wedding Hall',)",10 Dumbreck Rd
65a1fded1cfdaf39b8c7ea2cc561144b,215,Art Lovers Café,"('Café',)",10 Dumbreck Rd
65a1fded1cfdaf39b8c7ea2cc561144b,360,Bellahouston Park,"('Concert Hall', 'Park')",Mosspark Boulevard
65a1fded1cfdaf39b8c7ea2cc561144b,322,Glasgow Ski & Snowboard Centre,"('Ski Resort and Area',)",16 Dumbreck Rd
65a1fded1cfdaf39b8c7ea2cc561144b,353,The Fairfield Club,"('Bar',)",
65a1fded1cfdaf39b8c7ea2cc561144b,361,The Prince & Princess of Wales Hospice,"('Charity', 'Non-Profit Organization', 'Hospice', 'Retail')",20 Dumbreck Rd
65a1fded1cfdaf39b8c7ea2cc561144b,384,Costa Express,"('Coffee Shop',)",675 Paisley Rd West
65a1fded1cfdaf39b8c7ea2cc561144b,430,Al-Meezan,"('Charity',)",1 Rowan Rd
65a1fded1cfdaf39b8c7ea2cc561144b,551,B and M Home Store,"('Discount Store',)",Helen St
7ad6b0b3be3cb3d85e687bdf53358611,523,Iceland,"('Food and Beverage Retail',)",St Georges Cross
7ad6b0b3be3cb3d85e687bdf53358611,712,Ka Ka Lok,"('Chinese Restaurant',)",175 St Georges Rd
7ad6b0b3be3cb3d85e687bdf53358611,799,Tenement House,"('History Museum',)",145 Buccleuch St
7ad6b0b3be3cb3d85e687bdf53358611,510,Ideal Vehicle Leasing,"('Car Dealership',)","Sinclair Building, 18-20 Eagle St"
1179f511143ae9898181016b37d85b5a,265,Victoria Park,"('Park',)",12 Victoria Park Dr North
2ee7f8a8347b8ee388d6beeef94c837d,273,Andrew Hand Pharmacy,"('Drugstore',)",1239 Dumbarton Rd
1179f511143ae9898181016b37d85b5a,357,Metro Laser Hair Clinic Glasgow,"('Healthcare Clinic',)",948 Dumbarton Rd
2ee7f8a8347b8ee388d6beeef94c837d,293,Fossil Grove,"('Museum',)",Victoria Park
1179f511143ae9898181016b37d85b5a,436,Russell Timber Technology,"('Construction',)",8 Dilwara Ave
1179f511143ae9898181016b37d85b5a,459,V R Access Solutions Scotland,(),170 Clydeholm Rd
1179f511143ae9898181016b37d85b5a,459,Platform Scaffold Services,"('Construction Supplies Store',)",85 Clydeholm Rd
1179f511143ae9898181016b37d85b5a,459,Harbour Living,"('Furniture and Home Store',)",10 Clydeholm Rd
066c99293af108ece27d9b0436c30cc4,632,Three Judges,"('Pub',)",141 Dumbarton Rd
c04c3fc64f0ba6c420bd3184f474bfc9,477,Number 16,"('Restaurant',)",16 Byres Rd
0cc8c09950e1435ee7782478ed292fef,138,Co-op Food - Tollcross - Glasgow,"('Grocery Store',)",997 Tollcross Rd
0cc8c09950e1435ee7782478ed292fef,208,Lidl,"('Grocery Store',)",Tollcross Rd 850
0cc8c09950e1435ee7782478ed292fef,164,Bayne's the Family Bakers - Tollcross,"('Bakery', 'Restaurant')",209 Easterhill St
0cc8c09950e1435ee7782478ed292fef,366,Tollcross Park,"('Park',)",
0cc8c09950e1435ee7782478ed292fef,464,Masonic Club,"('Social Club',)",25 Causewayside St
0cc8c09950e1435ee7782478ed292fef,567,St Peters Cemetery,"('Funeral Home',)",1900 London Rd
f6b64fd82fe6e607f1fc788ace31c3a1,311,Matalan,"('Clothing Store',)",2121 London Rd
f6b64fd82fe6e607f1fc788ace31c3a1,240,Hurry Bros,"('General Contractor',)",2117 London Rd
f6b64fd82fe6e607f1fc788ace31c3a1,182,CF Concrete Pumping,"('General Contractor',)",86-90 Fullarton Ave
f6b64fd82fe6e607f1fc788ace31c3a1,182,Grafters Scotland,"('Employment Agency',)",86 Fullarton Ave
47a68fd067ea7f71ee08c1fbdd7c9c9b,55,Glasgow Science Centre,"('Science Museum',)",50 Pacific Quay
47a68fd067ea7f71ee08c1fbdd7c9c9b,84,Cineworld Cinemas - Glasgow IMAX at GSC,"('Movie Theater',)",Glasgow Science Centre
47a68fd067ea7f71ee08c1fbdd7c9c9b,429,The Tall Ship at Glasgow Harbour,"('Museum',)",100 Stobcross Rd
abb4b8f19b7371a31a1773ddf19dac8c,309,Parkhead Library,"('Library',)",64 Tollcross Rd
abb4b8f19b7371a31a1773ddf19dac8c,355,Buzz Glasgow,"('Vape Store',)",1377 Gallowgate
abb4b8f19b7371a31a1773ddf19dac8c,358,The Old Black Bull,"('Bar',)",1316-1318 Gallowgate
abb4b8f19b7371a31a1773ddf19dac8c,443,Cineworld,"('Movie Theater',)",Forge Shopping Centre
abb4b8f19b7371a31a1773ddf19dac8c,483,Subway,"('Deli', 'Fast Food Restaurant')","Forge Shopping Centre, 1221 Gallowgate"
bc208a63ac25b883b9eb6e28bfff2f28,696,North Star,"('Café', 'Coffee Shop', 'Restaurant')",108 Queen Margaret Dr
bc208a63ac25b883b9eb6e28bfff2f28,582,Francos,"('Bar',)",
bc208a63ac25b883b9eb6e28bfff2f28,587,The Brewhaus,"('Pub', 'Restaurant')",182 Queen Margaret Dr
bc208a63ac25b883b9eb6e28bfff2f28,609,Zensation,"('Chinese Restaurant', 'Halal Restaurant')",160 Queen Margaret Dr
a1829c3fd840369355ada2949567d15a,70,Gordon Street Coffee,"('Café', 'Coffee Shop', 'Restaurant')",79 Gordon St
abb478d282fc4352a662a4fb1308a544,377,Glenfarg Motors,"('Automotive Repair Shop',)",17 Glenfarg St
abb478d282fc4352a662a4fb1308a544,396,Macmillan Cancer Information Point,"('Non-Profit Organization',)",Woodside Library
5d5e2ae1a3a0fe0075c7a9d3432e736b,969,Istanbul Turkish,"('Fast Food Restaurant', 'Turkish Restaurant')",7 Paisley Rd West
5d5e2ae1a3a0fe0075c7a9d3432e736b,948,Rangers News,"('Stadium',)",150 Edmiston Dr
5d5e2ae1a3a0fe0075c7a9d3432e736b,961,Rangers Lotteries,"('Sporting Goods Retail',)",150 Edmiston Dr
5a527c8ff4d91a318d173dbdbce298c0,533,Kebabish Grill,"('Indian Restaurant',)",323-325 Victoria Rd
5a527c8ff4d91a318d173dbdbce298c0,583,Subway,"('Deli', 'Fast Food Restaurant')",Victoria Rd
5a527c8ff4d91a318d173dbdbce298c0,504,Brunchies,"('Café', 'Restaurant')",184 Butterbiggins Rd
5a527c8ff4d91a318d173dbdbce298c0,635,B&M Home Store with Garden Centre,"('Discount Store',)",Crown St Retail Park
c04c3fc64f0ba6c420bd3184f474bfc9,228,Kember & Jones,"('Coffee Shop', 'Deli')",134 Byres Rd
c04c3fc64f0ba6c420bd3184f474bfc9,204,Innis & Gunn Beer Kitchen - Ashton Lane,"('Pub', 'Brewery', 'Restaurant')",46 Ashton Lane
c04c3fc64f0ba6c420bd3184f474bfc9,226,Tennents Bar,"('Pub', 'Restaurant')",191 Byres Rd
c04c3fc64f0ba6c420bd3184f474bfc9,404,Kimchi Cult,"('Fast Food Restaurant', 'Korean Restaurant')",14 Chancellor St
10998482c3187c80b1fc322bee154cb6,30,Core Physio,"('Physical Therapy Clinic',)",368 Alexandra Parade
10998482c3187c80b1fc322bee154cb6,42,Gs Shopfitters Limited,"('Carpenter', 'Retail')","261, Alexandra Parade"
10998482c3187c80b1fc322bee154cb6,159,Domino's Pizza,"('Pizzeria', 'Fast Food Restaurant')",433 Alexandra Parade
10998482c3187c80b1fc322bee154cb6,259,Iceland,"('Food and Beverage Retail',)",447 Alexandra Parade
10998482c3187c80b1fc322bee154cb6,226,Co-op Food - Dennistoun,"('Grocery Store',)",447 Alexandra Parade
10998482c3187c80b1fc322bee154cb6,282,Scot Industrial Air,"('Industrial Equipment Supplier',)",398 Townmill Rd
d204cd406e1b7af53252157f13d4df60,124,Pollok Play Park,"('Playground',)",Pollok Country Park
d204cd406e1b7af53252157f13d4df60,728,Pollok House,"('Museum', 'Park')",2060 Pollokshaws Rd
d204cd406e1b7af53252157f13d4df60,646,Toolstation Glasgow Shawlands,"('Roofer',)",47 Haggs Rd
d204cd406e1b7af53252157f13d4df60,677,Shawlands Dental Practice,"('Dentist',)",1425 Pollokshaws Rd
d204cd406e1b7af53252157f13d4df60,678,Gideon Robinson,"('Housewares Store',)",47 Haggs Rd
d204cd406e1b7af53252157f13d4df60,737,Craigholme Sports Complex,"('Sports Club',)",97 Haggs Rd
d204cd406e1b7af53252157f13d4df60,741,Burrell,"('Bar',)",
d204cd406e1b7af53252157f13d4df60,748,Wellgreen Group Practice,"('Physician',)",26 Well Green
d204cd406e1b7af53252157f13d4df60,749,Burrell Restaurant,"('Arts and Entertainment', 'Bar', 'Burger Joint')",2060 Pollockshaw Rd
aa439d2a415edfcb198febf8bf3cd7a7,605,Springkell Avenue,"('Other Great Outdoors',)",
aa439d2a415edfcb198febf8bf3cd7a7,648,Sherbrooke St Gilbert's Church,"('Church',)",240 Nithsdale Rd
aa439d2a415edfcb198febf8bf3cd7a7,827,Lunar Studios,"('Print Store',)",38 Gower St
aa439d2a415edfcb198febf8bf3cd7a7,865,Pakistan Embassy,"('Government Building',)",
aa439d2a415edfcb198febf8bf3cd7a7,917,Pollokshields Church of Scotland,"('Church',)",525 Shields Rd
af89fc71d4e9b25fd63a7ae8861f4c03,107,Toryglen Community Base,"('Charity',)",18 Prospecthill Square
af89fc71d4e9b25fd63a7ae8861f4c03,390,Hampden Park,"('Stadium',)",Letherby Dr
af89fc71d4e9b25fd63a7ae8861f4c03,253,McDonald's,"('Burger Joint', 'Fast Food Restaurant')",557 Prospecthill Rd
af89fc71d4e9b25fd63a7ae8861f4c03,425,Scottish Football Museum,"('History Museum',)",Hampden Park
af89fc71d4e9b25fd63a7ae8861f4c03,507,Beechwood Tavern,"('Pub', 'Restaurant')",156-164 Ardmay Crescent
af89fc71d4e9b25fd63a7ae8861f4c03,653,I-c Makeup,(),Rose Knowe Pl
94bb26490e1ac10b92057d2136aaec12,136,Key Store,"('Wholesaler',)","6 Balornock Rd, City Centre"
94bb26490e1ac10b92057d2136aaec12,231,Stobhill Hospital,"('Hospital',)",133 Balornock Rd
94bb26490e1ac10b92057d2136aaec12,333,Stobhill ACH,"('Hospital',)",
94bb26490e1ac10b92057d2136aaec12,355,Brunswick Centre,"('Social Club',)",17 Wardhill Rd
94bb26490e1ac10b92057d2136aaec12,527,Balornock Bowling Club,"('Bowling Alley',)",52 Wallacewell Rd
94bb26490e1ac10b92057d2136aaec12,624,Immaculate Heart of Mary Catholic Church,"('Church',)",162 Broomfield Rd
94bb26490e1ac10b92057d2136aaec12,629,Loman Chinese Takeaway,"('Chinese Restaurant',)",560c Broomfield Rd
94bb26490e1ac10b92057d2136aaec12,630,Springburn Park,"('Park',)",
94bb26490e1ac10b92057d2136aaec12,643,St Catherine's Primary School,"('Elementary School',)",274 Rye Rd
94bb26490e1ac10b92057d2136aaec12,674,Balornock Primary School,"('Primary and Secondary School',)",422 Broomfield Rd
f6b64fd82fe6e607f1fc788ace31c3a1,205,Starbucks,"('Coffee Shop',)",London Rd
f6b64fd82fe6e607f1fc788ace31c3a1,132,McDonald's,"('Burger Joint', 'Fast Food Restaurant')",Westhorn Dr/London Rd
f6b64fd82fe6e607f1fc788ace31c3a1,344,Voltair Energy,"('Renewable Energy Service',)","Clyde Workshops, Fullarton Rd"
f6b64fd82fe6e607f1fc788ace31c3a1,349,Concept Metals,"('Metals Supplier',)","Clyde Workshops, Fullarton Rd"
f6b64fd82fe6e607f1fc788ace31c3a1,377,Dollybird Stationery,"('Bridal Store',)","8 Storage Vault Workspace 1, Fullarton Rd"
f6b64fd82fe6e607f1fc788ace31c3a1,386,C & E Electrical Wholesalers,"('Wholesaler',)",Work Space 3.2 & 3.3
2ee7f8a8347b8ee388d6beeef94c837d,33,Tesco Express,"('Grocery Store',)",1329 Dumbarton Rd
2ee7f8a8347b8ee388d6beeef94c837d,69,Granny Gibbs Bar,"('Pub',)",1305 Dumbarton Rd
2ee7f8a8347b8ee388d6beeef94c837d,346,TKB & L D Wright,"('Dentist',)",1459 Dumbarton Rd
2ee7f8a8347b8ee388d6beeef94c837d,656,Scotstoun Stadium,"('Stadium', 'Gym and Studio', 'Rugby Pitch')",72 Danes Dr
2ee7f8a8347b8ee388d6beeef94c837d,492,Scotstoun Medical Practice,"('Dentist', 'Physician', 'Bus Station')",1483-1485 Dumbarton Rd
2ee7f8a8347b8ee388d6beeef94c837d,501,Glasgow Nomads Swim Team,"('Sports and Recreation',)",112 Danes Dr
2ee7f8a8347b8ee388d6beeef94c837d,593,Glencrest,"('Candy Store',)",150 Clydeholm Rd
e7b590304d2ae958110e34961830ce68,120,Bella Vita,"('Pizzeria', 'Italian Restaurant')",597 Mosspark Boulevard
e7b590304d2ae958110e34961830ce68,158,Post Office,"('Post Office',)",1577 Paisley Rd West
e7b590304d2ae958110e34961830ce68,342,Craigton Nursery School,"('Agriculture and Forestry Service', 'Nursery School', 'Public and Social Service')",13 Montrave St
e7b590304d2ae958110e34961830ce68,378,W M Watson Packaging,"('Big Box Store',)","Craigton House, 133 Barfillan Dr"
e7b590304d2ae958110e34961830ce68,390,Peter Bryson Packaging Limited,"('Packaging Supply Store',)","Craigton House, 133 Barfillan Dr"
e7b590304d2ae958110e34961830ce68,565,Morrisons,"('Grocery Store',)",1760 Paisley Rd West
e7b590304d2ae958110e34961830ce68,512,Lourdes R C Primary School,"('Primary and Secondary School',)",150 Berryknowes Rd
e7b590304d2ae958110e34961830ce68,526,Macphee's Sandwich Bar & Deli,"('Deli',)",
e7b590304d2ae958110e34961830ce68,537,Bellahouston Aikido,"('Martial Arts Dojo',)",Bellahouston Dr
d1cfef68e6b380467d3f8927379319b3,100,St. Mungo Museum of Religious Life & Art,"('Museum',)",2 Castle St
d1cfef68e6b380467d3f8927379319b3,263,Little Royal Cafe,"('Café',)",
d1cfef68e6b380467d3f8927379319b3,263,Families For Children Within Martyrs School,(),17 Parson St
12aac9e40a335ee43b231c94972a7a69,307,McQueens Dairies,"('Dairy Store', 'Grocery Store')",1 Keppochhill Pl
12aac9e40a335ee43b231c94972a7a69,552,Soccer Stars Academy,"('Sports Club',)",1 Fountainwell Dr
12aac9e40a335ee43b231c94972a7a69,563,Post Office,"('Post Office',)",76 Huntingdon Square
12aac9e40a335ee43b231c94972a7a69,622,Physio Effect,"('Physical Therapy Clinic',)",100 Borron St
12aac9e40a335ee43b231c94972a7a69,634,The Loading Bay,"('Skate Park',)",100 Borron St
0a106cbc148d5a0c2535b51c1dbe3b4d,269,Celtic FC Supporters Association Social Club,"('Sports Bar',)",
0a106cbc148d5a0c2535b51c1dbe3b4d,495,Bains Newsagents,"('Newsagent',)",Burnhill Rd
a1829c3fd840369355ada2949567d15a,154,Topolabamba,"('Mexican Restaurant', 'Tapas Restaurant')",89 St Vincent St
a1829c3fd840369355ada2949567d15a,179,Riverhill Coffee Bar,"('Coffee Shop', 'Sandwich Spot')",24 Gordon St
a1829c3fd840369355ada2949567d15a,178,Tantrum Doughnuts,"('Fast Food Restaurant',)",28 Gordon St
a1829c3fd840369355ada2949567d15a,180,Chaakoo Bombay Cafe,"('Café', 'Indian Restaurant')",79 St Vincent St
d9eacbf78518d186400386d90f0cf49c,243,Cafe Circa,"('Café', 'Coffee Shop', 'Fast Food Restaurant')",322 Crow Rd
d9eacbf78518d186400386d90f0cf49c,95,Clarence Drive Post Office,"('Post Office',)",
d9eacbf78518d186400386d90f0cf49c,264,Co-op Food,"('Grocery Store',)",14 Norby Rd
d9eacbf78518d186400386d90f0cf49c,280,Boots Pharmacy,"('Health and Medicine', 'Drugstore')",26 Norby Rd
f6210447e1724487afe0ce63b011aecd,431,Knightswood Park,"('Park',)",Chaplet Ave
f6210447e1724487afe0ce63b011aecd,640,Co-op Food - Alderman Road,"('Grocery Store',)",269 Alderman Rd
f6210447e1724487afe0ce63b011aecd,544,Knightswood Golf Course,"('Golf Course',)",Lincoln Ave
f6210447e1724487afe0ce63b011aecd,575,Freddies Food Club,"('Fast Food Restaurant',)",2139 Great Western Rd
f6210447e1724487afe0ce63b011aecd,575,Guitar Glasgow - Harry Clapham,"('Music School',)",434 Dyke Rd
f6210447e1724487afe0ce63b011aecd,617,Alderman Road Shops,"('Drugstore',)",
f6210447e1724487afe0ce63b011aecd,625,St margarets church,"('Church',)",Knightswood cross
f6210447e1724487afe0ce63b011aecd,639,Costa Express,"('Coffee Shop',)",269 Alderman Rd
f6210447e1724487afe0ce63b011aecd,641,Well Pharmacy,"('Drugstore',)",263 Alderman Rd
f6210447e1724487afe0ce63b011aecd,647,Mathieson Fish Van,"('Fish Market',)",Dunterlie Ave
3860eb7809fcced150d10d78ca2a165c,29,M&S Simply Food,"('Grocery Store',)",1345 Govan Rd
3860eb7809fcced150d10d78ca2a165c,36,Camden Food Co,"('Café',)",
3860eb7809fcced150d10d78ca2a165c,98,WHSmith,"('Bookstore',)",Queen Elizabeth University Hospital
3860eb7809fcced150d10d78ca2a165c,94,Whiteskate,"('Board Store',)",Maritime House 143 Woodville St
3860eb7809fcced150d10d78ca2a165c,159,Queen Elizabeth University Hospital,"('Hospital',)",1345 Govan Rd
3860eb7809fcced150d10d78ca2a165c,235,Southern General Hospital,"('Hospital',)",1345 Govan Rd
3860eb7809fcced150d10d78ca2a165c,493,Lidl,"('Grocery Store',)",19 Moss Rd
3860eb7809fcced150d10d78ca2a165c,448,Motus Commercials Glasgow,"('Car Dealership',)",131 Bogmoor Rd Govan
3860eb7809fcced150d10d78ca2a165c,641,Glasgow Centre For Reproductive Medicine,"('Healthcare Clinic',)",21 Fifty Pitches Way
3860eb7809fcced150d10d78ca2a165c,681,J K Electrical,"('Electrician',)","17 Fulbar Rd, Cardonald"
ed8440d874a0b4205ddbcc0bc56f3d49,666,Certified Professional Never Binge Again Master Coach,"('Alternative Medicine Clinic',)",45 Auckland Wynd
